<RepDevStyle>
  <header>
    <name>Dark RepDev</name>
    <version>1.0</version>
    <author>Andy</author>
    <description><![CDATA[Dark theme with a neon glow; because batcave can't even begin to look this cool.]]>
    </description>
  </header>
  
  <style>
    <editor bgColor="FFFFFF" fgColor="000000" line="EFEFEF" token="DDDDDD" font="Courier New" fontSize="11" />
    
	<comments fgColor="#7F7F7F" />
    <variables fgColor="#007700" style="bold" />    
    <functions fgColor="#0088FF" style="bold" />    
    <keywords fgColor="#0022FF"  style="bold" />
    <task fgColor="#404040" style="bold" />
    
    <typeChar fgColor="#CF0000" />
    <typeDate fgColor="#CF0000" style="bold" />
    
    <struct1 fgColor="#BF2F00" />
    <struct1Inv fgColor="#BF2F00" bgColor="#000000" />    
    <struct2 fgColor="#CF4F00" />
    <struct2Inv fgColor="#CF4F00" bgColor="#000000" />    
  </style>
</RepDevStyle>
