<menuSettings>
 <tab>
  <tabName>Accounts & Teller Trans</tabName>
  <sectionHead><font color='green'>Account Inquiries</font></sectionHead>
   <specfile>IQ10</specfile>
   <text>Account Address</text>
   <desc>Used to print two names and an address</desc>
   <specfile>ACCOUNT.CROSS.REFERENCE</specfile>
   <text>Account Cross References</text>
   <desc>Cross references the account</desc>
   <specfile>INTEG</specfile>
   <text>Account Integrity</text>
   <desc>Checks accounts for any invalidations (i.e. incorrect Share ID number)</desc>
   <specfile>PRESCREEN.OPP</specfile>
   <text>Account Prescreen Opportunity</text>
   <desc>Launches SUB.EXP/SUB.EXP.PRESCREEN to view prescreen credit report/report</desc>
   <specfile>IQ9</specfile>
   <text>Account Summary</text>
   <desc>Checks the entire account</desc>
   <specfile>IQ9.TH.SELECT</specfile>
   <text>Account Summary - Thermal</text>
   <desc>Prints an account summary to thermal printer</desc>
   <specfile>ADDON.CD.DEPOSIT</specfile>
   <text>Addon CD Deposit</text>
   <desc>One year add-on certificates for accounts associated with the primary name's SSN or trust accounts with joint SSN</desc>
   <specfile>AVAIL</specfile>
   <text>Available Funds Inquiry</text>
   <desc>displays share or loan available funds, for one share or loan</desc>
   <specfile>BILL</specfile>
   <text>Bill Payment</text>
   <desc>This will be our description </desc>
   <specfile>COMPROMISED.CHECKLIST</specfile>
   <text>Compromised Check List</text>
   <desc>This will be our description </desc>
   <specfile>CLOSEPRIMARYSHARE</specfile>
   <text>Close Account OK?</text>
   <desc>This will be our description </desc>
   <specfile>DIV_INT</specfile>
   <text>Dividends & Interest Paid</text>
   <desc>This will be our description </desc>
   <specfile>NA.DOCS.PENDING</specfile>
   <text>Follow Up New Account Signatures</text>
   <desc>This will be our description </desc>
   <specfile>HISTORY</specfile>
   <text>History for Selected Shares & Loans</text>
   <desc>This will be our description </desc>
   <specfile>HOLD</specfile>
   <text>Holds</text>
   <desc>This will be our description </desc>
   <specfile>VIEW.HOLDS</specfile>
   <text>Hold History</text>
   <desc>This will be our description </desc>
   <specfile>RATES_ARCHIVE</specfile>
   <text>Loan & Share Rate Archive Inquiry</text>
   <desc>This will be our description </desc>
   <specfile>SEARCH</specfile>
   <text>Lookup Acct With Address,Phone,Email</text>
   <desc>This will be our description </desc>
   <specfile>NOTES</specfile>
   <text>Note Records Inquiry</text>
   <desc>This will be our description </desc>
   <specfile>HOLD.NOTICE</specfile>
   <text>Notice of Hold Form</text>
   <desc>This will be our description </desc>
   <specfile>SUB.OFAC.CHECK</specfile>
   <text>OFAC Inquiry</text>
   <desc>This will be our description </desc>
   <specfile>RESEARCH.REQUEST</specfile>
   <text>Research Request Form</text>
   <desc>This will be our description </desc>
   <specfile>RISK.NOTICE</specfile>
   <text>Risk Based Pricing Notice</text>
   <desc>This will be our description </desc>
   <specfile>ENCRYPTED.ACCTNUM</specfile>
   <text>Scrambled Account Numbers</text>
   <desc>This will be our description </desc>
   <specfile>SNAPSHOT</specfile>
   <text>SnapShot</text>
   <desc>This will be our description </desc>
   <specfile>SSN.SETUP</specfile>
   <text>SSN Setup</text>
   <desc>This will be our description </desc>
   <specfile>STATEMENT</specfile>
   <text>Statements</text>
   <desc>This will be our description </desc>
   <specfile>TRANS</specfile>
   <text>Transaction History</text>
   <desc>This will be our description </desc>
   <specfile>CARDS</specfile>
   <text>View all Cards on Account</text>
   <desc>This will be our description </desc>
   <specfile>CHEXSYSTEMS.WEB</specfile>
   <text>View Chexsystems Report</text>
   <desc>This will be our description </desc>
   <specfile>EXP</specfile>
   <text>View Credit Report</text>
   <desc>This will be our description </desc>
   
   
   
   
  <sectionHead><font color='green'>Member & Specialty Services</font></sectionHead>
   <specfile>CLPW</specfile>
   <text>ComputerLine or MoneyLine Passwords</text>
   <desc>This will be our description </desc>
   <specfile>EOPTIONS.FM</specfile>
   <text>Correspondence Options</text>
   <desc>This will be our description </desc>
   <specfile>CPAY.DEBIT</specfile>
   <text>Courtesy Pay</text>
   <desc>This will be our description </desc>
   <specfile>FRAUD.CUSTOM.NOTE</specfile>
   <text>Create Fraud Prevention Note</text>
   <desc>This will be our description </desc>
   <specfile>DIRECT,PO</specfile>
   <text>Direct Deposit Letter</text>
   <desc>This will be our description </desc>
   <specfile>DIRECTLINE.ENROLL</specfile>
   <text>DirectLine Enrollment</text>
   <desc>This will be our description </desc>
   <specfile>MESSAGECENTER</specfile>
   <text>E-Message Center</text>
   <desc>This will be our description </desc>
   <specfile>LABEL</specfile>
   <text>Generate a Mailing Label</text>
   <desc>This will be our description </desc>
   <specfile>MOBILE.ENROLL</specfile>
   <text>Mobile Access Enrollment</text>
   <desc>This will be our description </desc>
   <specfile>NET.APP.QUEUE</specfile>
   <text>Net App Queue</text>
   <desc>Batch Online Accounts to Quest</desc>
   <specfile>RETURN.MAIL</specfile>
   <text>Return Mail Processing</text>
   <desc>This will be our description </desc>
   <specfile>SC</specfile>
   <text>Service Center Listing</text>
   <desc>This will be our description </desc>
   <specfile>SENIOR,PO</specfile>
   <text>Silver Spartan Letter</text>
   <desc>This will be our description </desc>
   <specfile>SKIP</specfile>
   <text>Skip-a-Pay</text>
   <desc>This will be our description </desc>
   <specfile>STOP.PAY</specfile>
   <text>Stop a Payment on a Check or ACH</text>
   <desc>This will be our description </desc>
   <specfile>VERIFY.ID</specfile>
   <text>Verify Member's Identification</text>
   <desc>View and collect information to easily verify a member's identity </desc>
   
   
   
  <sectionHead><font color='green'>Money Transfers & Travel</font></sectionHead>
   <specfile>ACHORIG.FM</specfile>
   <text>ACH Origination File Maintenance</text>
   <desc>This will be our description </desc>
   <specfile>FOREIGN.CHECK.DEPOSIT</specfile>
   <text>International Check Deposit</text>
   <desc>This will be our description </desc>
   <specfile>INTL_CURRENCY_PICK_UP</specfile>
   <text>International Currency Pick Up</text>
   <desc>This will be our description </desc>
   <specfile>INTL_CURRENCY_PURCHASE</specfile>
   <text>International Currency Purchase</text>
   <desc>This will be our description </desc>
   <specfile>FOREIGN.NATIONAL.NOTES</specfile>
   <text>International Documentation</text>
   <desc>This will be our description </desc>
   <specfile>OVERRIDE</specfile>
   <text>Override a Wire</text>
   <desc>This will be our description </desc>
   <specfile>RNT.VALIDATE</specfile>
   <text>Routing & Transit Validation</text>
   <desc>This will be our description </desc>
   <specfile>AMEX.TRANSACTION.FM</specfile>
   <text>Travler's Checks</text>
   <desc>This will be our description </desc>
   <specfile>TMD</specfile>
   <text>Travel Money Direct Form</text>
   <desc>This will be our description </desc>
   <specfile>Visa.TRAVELINFO</specfile>
   <text>Visa Travel Information</text>
   <desc>This will be our description </desc>
   <specfile>WEST.UN</specfile>
   <text>Western Union</text>
   <desc>This will be our description </desc>
   <specfile>WIRE</specfile>
   <text>Wire Transfer</text>
   <desc>This will be our description </desc>
   
   
   <sectionHead><font color='green'>Teller Transactions</font></sectionHead>
   <specfile>BeneForm</specfile>
   <text>Beneficiary Form</text>
   <desc>This will be our description </desc>
   <specfile>DECREASE</specfile>
   <text>Cash Drawer Decrease</text>
   <desc>This will be our description </desc>
   <specfile>INCREASE</specfile>
   <text>Cash Drawer Increase</text>
   <desc>This will be our description </desc>
   <specfile>PENALTY</specfile>
   <text>Certificate Penalty Inquiry</text>
   <desc>This will be our description </desc>
   <specfile>CERT.INST</specfile>
   <text>Certificate Renewal Instructions</text>
   <desc>This will be our description </desc>
   <specfile>CHECKBYPHONE</specfile>
   <text>Check By Phone</text>
   <desc>This will be our description </desc>
   <specfile>CHECKS.INQ</specfile>
   <text>Check Clearings</text>
   <desc>This will be our description </desc>
   <specfile>COUNTRYCODE</specfile>
   <text>Country Code List Inquiry</text>
   <desc>This will be our description </desc>
   <specfile>HOLD.CERT.DRAFT</specfile>
   <text>Create Certified Draft Hold Rec</text>
   <desc>This will be our description </desc>
   <specfile>EDEPOSIT.OPT</specfile>
   <text>eDeposit Opt</text>
   <desc>This will be our description </desc>
   <specfile>FEDERAL.CALCULATOR</specfile>
   <text>Federal Withholding Calculator</text>
   <desc>This will be our description </desc>
   <specfile>MET.PAYMENT</specfile>
   <text>MET Payment</text>
   <desc>This will be our description </desc>
   <specfile>HARLAND.ONLINE</specfile>
   <text>Order Checks</text>
   <desc>This will be our description </desc>
   <specfile>TELLER.PRINT,PO</specfile>
   <text>Teller Print</text>
   <desc>This will be our description </desc>
   <specfile>TELLER.SCAN</specfile>
   <text>Teller Scan</text>
   <desc>This will be our description </desc>
   <specfile>TELLER.SCREEN</specfile>
   <text>Teller's Screen Account Intro</text>
   <desc>This will be our description </desc>
   <specfile>CHECKS</specfile>
   <text>Temporary Checks</text>
   <desc>This will be our description </desc>
   <specfile>MS.VOD,PO</specfile>
   <text>Verification of Deposit</text>
   <desc>This will be our description </desc>
   <specfile>UPDATE.LEGAL</specfile>
   <text>Update Legal Tracking</text>
   <desc>This will be our description </desc>
   
  
  <sectionHead><font color='green'>Internal Services</font></sectionHead>
   <specfile>CTR.INFO</specfile>
   <text>CTR Info</text>
   <desc>This will be our description </desc>
   <specfile>LOG</specfile>
   <text>Log</text>
   <desc>This will be our description </desc>
   <specfile>LOG.SEARCH</specfile>
   <text>Log Search</text>
   <desc>This will be our description </desc>
   <specfile>NOTE.CODE.CHECK</specfile>
   <text>Notes on Account By Code Number</text>
   <desc>This will be our description</desc>
   <specfile>WEATHER</specfile>
   <text>Weather Report by Zipcode</text>
   <desc>This will be our description </desc>
   <specfile>WHO</specfile>
   <text>WHO User Lookup</text>
   <desc>This will be our description </desc>

  <sectionHead><font color='green'>ATM Services</font></sectionHead>
   <specfile>ATM.CLAIM</specfile>
   <text>ATM Claim Form</text>
   <desc>This will be our description </desc>
   <specfile>BRANCHLOCLETTER</specfile>
   <text>ATM and Center Service Location</text>
   <desc>This will be our description </desc>
   <specfile>ATM.CARD.FM.BLOCK</specfile>
   <text>Block A Card</text>
   <desc>Block an ATM Card</desc> 
   <specfile>ATM.CARD.FM.CREATE</specfile>
   <text>Create A Card</text>
   <desc>Create an ATM Card</desc> 
   <specfile>ATM.CARD.FM.REISSUE</specfile>
   <text>Reissue A Card</text>
   <desc>Reissue an ATM Card</desc> 
   <specfile>ATM.CARD.FM.RESET</specfile>
   <text>Reset Card PIN</text>
   <desc>Reset an ATM Card PIN</desc> 
   <specfile>ATM.CARD.FM.SYNCH</specfile>
   <text>Synch Access Records</text>
   <desc>Synch Access Records for ATM</desc> 
   <specfile>ATM.CARD.FM.UNBLOCK</specfile>
   <text>Unblock A Card</text>
   <desc>Unblock an ATM Card</desc> 
   
   
 </tab>
 
 
 <tab>
  <tabName>Accounting Services</tabName>
  <sectionHead><font color='green'>Accounting Services</font></sectionHead>
   <specfile>REGD.ACH</specfile>
   <text>Reg D for ACH</text>
   <desc>This will be our description </desc>
   <specfile>REGD.IMMA</specfile>
   <text>Reg D for IMMA</text>
   <desc>This will be our description </desc>
 </tab>
 
 
 <tab>
  <tabName>Business Services</tabName>
  <sectionHead><font color='green'>Business Services</font></sectionHead>
   <specfile>BUSINESS.CARD.FM</specfile>
   <text>Business Card File Maintenance</text>
   <desc>This will be our description </desc>
   <specfile>BUSINESS.TRACKING.FM</specfile>
   <text>Business Tracking FM</text>
   <desc>This will be our description </desc>
   <specfile>BUSINESS.TRAN.COUNT</specfile>
   <text>Business MTD Item Count</text>
   <desc>This will be our description </desc>
   <specfile>LN.CORP.RES</specfile>
   <text>Corp. Resolution to Finance or Lease</text>
   <desc>This will be our description </desc>
   <specfile>GUARANTOR.LIABILITY</specfile>
   <text>Guarantor Liability</text>
   <desc>This will be our description </desc>
 </tab>
 

      
   
  

 
 
 <tab>
  <tabName>Collections</tabName>
   <sectionHead><font color='green'>Collections</font></sectionHead>
    <specfile>CHEXSYSTEMS.DEMAND</specfile>
	<text>ChexSystems Demand</text>
    <desc>This will be our description </desc>
    <specfile>COLLECTION_FORMS.MENU</specfile>
	<text>Collection Forms</text>
	<desc>This will be our description </desc>
	<specfile>FM.NEXTWORKDATE</specfile>
	<text>CP Advance Work Date</text>
    <desc>This will be our description </desc>
    <specfile>RD.CREDITREPORT</specfile>
	<text>Create Credit Report</text>
    <desc>This will be our description </desc>
	<specfile>PA.APP.EMAIL</specfile>
	<text>Equity App Email</text>
    <desc>This will be our description </desc>
	<specfile>PRCARDM</specfile>
	<text>MSU Payroll Changes</text>
    <desc>This will be our description </desc>
    <specfile>INS.LIEN.REL</specfile>
	<text>Payoff Statement for Insurance Co</text>
   <desc>This will be our description </desc>
   <specfile>
    
    
	
   <sectionHead><font color='green'>Loss Prevention</font></sectionHead>
    <specfile>LP.1</specfile>
    <text>Draft Closure Due to Credit Report</text>
	<desc>This will be our description </desc>
    <specfile>LP.9</specfile>
    <text>Verify Lost/Stolen Visa Charges</text>
	<desc>This will be our description </desc>
    <specfile>LP.10</specfile>
    <text>Going to CP-SUE In Small Claims</text>
	<desc>This will be our description </desc>
    <specfile>LP.11</specfile>
    <text>Going to CP-CK on US/Small Claims</text>
	<desc>This will be our description </desc>
  
 </tab>
 
 
 <tab>
  <tabName>IRA & HSA Services</tabName>
  <sectionHead><font color='green'>Coverdell ESA</font></sectionHead>
   <specfile>5109_sym</specfile>
   <text>Coverdell Contribution Eligibility</text>
   <desc>This will be our description </desc>
   <specfile>5098cu_sym</specfile>
   <text>Coverdell ESA Application</text>
   <desc>This will be our description </desc>
   <specfile>5311_sym</specfile>
   <text>Coverdell ESA Change of Account Information</text>
   <desc>This will be our description </desc>
   <specfile>5301su_sym</specfile>
   <text>Coverdell ESA Death Beneficiary Designation Addendum</text>
   <desc>This will be our description </desc>
   <specfile>5301_sym</specfile>
   <text>Coverdell ESA Designation of Beneficiary</text>
   <desc>This will be our description </desc>
   <specfile>5302_sym</specfile>
   <text>Coverdell ESA Transfer Request</text>
   <desc>This will be our description </desc>
   <specfile>5314_sym</specfile>
   <text>Coverdell ESA Withdrawal Statement</text>
   <desc>This will be our description </desc>
   
  <sectionHead><font color='green'>HSA</font></sectionHead>
   <specfile>3500_sym</specfile>
   <text>HSA Application</text>
   <desc>This will be our description </desc>
   <specfile>3109_sym</specfile>
   <text>HSA Contribution Eligibility</text>
   <desc>This will be our description </desc>
   <specfile>3107_sym</specfile>
   <text>HSA Contribution/Investment Form</text>
   <desc>This will be our description </desc>
   <specfile>3301_sym</specfile>
   <text>HSA Designation of Beneficiary</text>
   <desc>This will be our description </desc>
   <specfile>3123_sym</specfile>
   <text>HSA Excess Worksheet</text>
   <desc>This will be our description </desc>
   <specfile>HSA.SERVICE</specfile>
   <text>HSA Service Center</text>
   <desc>This will be our description </desc>
   <specfile>3302_sym</specfile>
   <text>HSA Transfer Request</text>
   <desc>This will be our description </desc>
   <specfile>3314_sym</specfile>
   <text>HSA Withdrawal Statement</text>
   <desc>This will be our description </desc>
   
  <sectionHead><font color='green'>IRA Generic</font></sectionHead>
  <specfile>321_sym</specfile>
   <text>Death Distribution Election</text>
   <desc>This will be our description </desc>
   <specfile>301_sym</specfile>
   <text>Designation of Beneficiary</text>
   <desc>This will be our description </desc>
   <specfile>487_sym</specfile>
   <text>Direct Rollover Request (From Employer Plan)</text>
   <desc>This will be our description </desc>
   <specfile>98cf_sym</specfile>
   <text>Financial Disclosure</text>
   <desc>This will be our description </desc>
   <specfile>307_sym</specfile>
   <text>Inherited IRA Designation of Beneficiary</text>
   <desc>This will be our description </desc>
   <specfile>301su_sym</specfile>
   <text>IRA Beneficiary Designation Addendum</text>
   <desc>This will be our description </desc>
   <specfile>IRA.SERVICECENTER</specfile>
   <text>IRA Service Center</text>
   <desc>This will be our description </desc>
   <specfile>322_sym</specfile>
   <text>Required Minimum Distributions (RMD)</text>
   <desc>This will be our description </desc>
   <specfile>416_sym</specfile>
   <text>SEP Agreement</text>
   <desc>This will be our description </desc>
   <specfile>319_sym</specfile>
   <text>Substatially Equal IRA Payment Notice and Certification</text>
   <desc>This will be our description </desc>
   <specfile>317_sym</specfile>
   <text>Withholding Reminder Notice</text>
   <desc>This will be our description </desc>
   
  <sectionHead><font color='green'>Roth IRA</font></sectionHead>
   <specfile>6098cu_sym</specfile>
   <text>Roth Inherited IRA Application</text>
   <desc>This will be our description </desc>
   <specfile>6098cf_sym</specfile>
   <text>Roth IRA Application</text>
   <desc>This will be our description </desc>
   <specfile>6109_sym</specfile>
   <text>Roth IRA Contribution Eligibility</text>
   <desc>This will be our description </desc>
   <specfile>6306_sym</specfile>
   <text>Roth IRA Conversion Certification</text>
   <desc>This will be our description </desc>
   <specfile>6305_sym</specfile>
   <text>Roth IRA Direct Conversion Request</text>
   <desc>This will be our description </desc>
   <specfile>6123_sym</specfile>
   <text>Roth IRA Excess Worksheet</text>
   <desc>This will be our description </desc>
   <specfile>6098CI_sym</specfile>
   <text>Roth IRA Financial Disclosure</text>
   <desc>This will be our description </desc>
   <specfile>6302_sym</specfile>
   <text>Roth IRA Transfer Request</text>
   <desc>This will be our description </desc>
   
  <sectionHead><font color='green'>Traditional IRA</font></sectionHead>
   <specfile>110_sym</specfile>
   <text>Traditional Conduit IRA Notice and Election</text>
   <desc>This will be our description </desc>
   <specfile>98CI_sym</specfile>
   <text>Traditional Inherited IRA Application</text>
   <desc>This will be our description </desc>
   <specfile>98cu_sym</specfile>
   <text>Traditional IRA Application</text>
   <desc>This will be our description </desc>
   <specfile>109_sym</specfile>
   <text>Traditional IRA Contribution Eligibility</text>
   <desc>This will be our description </desc>
   <specfile>123_sym</specfile>
   <text>Traditional IRA Excess Worksheet</text>
   <desc>This will be our description </desc>
   <specfile>305_sym</specfile>
   <text>Traditional IRA Recharacterization Request</text>
   <desc>This will be our description </desc>
   <specfile>302_sym</specfile>
   <text>Traditional IRA Transfer Request IRA to IRA</text>
   <desc>This will be our description </desc>
   <specfile>314_sym</specfile>
   <text>Traditional IRA Withdrawal Statement</text>
   <desc>This will be our description </desc>
 </tab>

<tab>
  <tabName>Loan & Visa Services</tabName>
  <sectionHead><font color='green'>Loan Services</font></sectionHead>
   <specfile>CP</specfile>
   <text>Collection Notes</text>
   <desc>This will be our description </desc>
   <specfile>ECOA</specfile>
   <text>ECOA Loan Details</text>
   <desc>This will be our description </desc>
   <specfile>IDL.UPDATE.DEALERS</specfile>
   <text>Edit IDL Dealers</text>
   <desc>This will be our description </desc>
   <specfile>LN.EXTDIRECT</specfile>
   <text>Extension Agreement - Direct</text>
   <desc>This will be our description </desc>
   <specfile>LN.EXTINDIRECT</specfile>
   <text>Extension Agreement - Indirect</text>
   <desc>This will be our description </desc>
   <specfile>IDL.TRACKING30.FM</specfile>
   <text>IDL Lien Tracking FM</text>
   <desc>This will be our description </desc>
   <specfile>IDL.TRACKING.36.SCRIPT</specfile>
   <text>IDL Dealer Tracking FM</text>
   <desc>This will be our description </desc>
   <specfile>IDL.WELCOME</specfile>
   <text>Indirect Lending Welcome</text>
   <desc>This will be our description </desc>
   <specfile>LN.LIENINST</specfile>
   <text>Lien Instructions</text>
   <desc>This will be our description </desc>
   <specfile>LN.APPRVL</specfile>
   <text>Loan Approval</text>
   <desc>This will be our description </desc>
   <specfile>LOANAPP.DISB.VIEW</specfile>
   <text>Loan Disbursal View</text>
   <desc>This will be our description </desc>
   <specfile>LN.NOTICES</specfile>
   <text>Loan Notices</text>
   <desc>This will be our description </desc>
   <specfile>LNPYMT.SETUP.INQ</specfile>
   <text>Loan Payment Setup Inquiry</text>
   <desc>This will be our description </desc>
   <specfile>LOAN.PAYOFF</specfile>
   <text>Loan Payoff Inquiry</text>
   <desc>This will be our description </desc>
   <specfile>PREAPPROVAL.CODE</specfile>
   <text>Preapproval Code</text>
   <desc>This will be our description </desc>
   <specfile>DELFIN</specfile>
   <text>Remove Credit Lines from Loan Budget</text>
   <desc>This will be our description </desc>
   <specfile>LN.SECARGMT</specfile>
   <text>Security Agreement</text>
   <desc>This will be our description </desc>
   <specfile>LOAN.17,PO</specfile>
   <text>Termination of Lien Statement</text>
   <desc>This will be our description </desc>
   <specfile>LOANAPP.VIEWAPP</specfile>
   <text>View a Loan App</text>
   <desc>This will be our description </desc>
   <specfile>LN.TITLES</specfile>
   <text>View Title Holding States</text>
   <desc>This will be our description </desc>
   
   
  <sectionHead><font color='green'>Visa Services</font></sectionHead>
   <specfile>Visa.FORCE.REISSUE</specfile>
   <text>Force a Visa Card Reissue</text>
   <desc>This will be our description </desc>
   <specfile>LN.VP</specfile>
   <text>Print Approval Letter/Signature Page</text>
   <desc>This will be our description </desc>
   <specfile>LN.SPCMLR</specfile>
   <text>Print Michigan Title Mailer</text>
   <desc>This will be our description </desc>
   <specfile>Visa</specfile>
   <text>Record and Usage Information</text>
   <desc>This will be our description </desc>
   <specfile>Visa.AFFIDAVIT</specfile>
   <text>Visa Affidavit Letter</text>
   <desc>This will be our description </desc>
   <specfile>Visa.EXPENSE.REPORTS</specfile>
   <text>Visa Expense Reports by Key Categories</text>
   <desc>This will be our description </desc>
   <specfile>Visa.WELCOME.LETTER</specfile>
   <text>Visa Welcome Letter</text>
   <desc>This will be our description </desc>


  <sectionHead><font color='green'>Card Process Services</font></sectionHead>
   <specfile>ACTIVATE</specfile>
   <text>Activate a Card</text>
   <desc>This will be our description </desc>
   <specfile>SUB.CARDBLOCKFM</specfile>
   <text>Block a Card/FAM/Opt-Out</text>
   <desc>This will be our description </desc>
   <specfile>KARDZ</specfile>
   <text>CardWizard</text>
   <desc>This will be our description </desc>
   <specfile>SUB.NEWCARD.FM</specfile>
   <text>Create a Card</text>
   <desc>This will be our description </desc>
   <specfile>Visa.CHGSTMTGROUP.FM</specfile>
   <text>Change Visa Bill Day</text>
   <desc>This will be our description </desc>
   <specfile>Visa.CHGLOANTERMS.FM</specfile>
   <text>Change Visa Interest Rate/Credit Limit</text>
   <desc>This will be our description </desc>
   <specfile>UNBLOCK.CARD</specfile>   
   <text>Unblock a Card</text> 
   <desc>This will be our description </desc>
   
 </tab>
 
 <tab>
  <tabName>Mortgage Services</tabName>
  <sectionHead><font color='green'>Mortgage Services</font></sectionHead>
   <specfile>APPRAISAL</specfile>
   <text>Appraisal</text>
   <desc>This will be our description </desc>
   <specfile>HELOC</specfile>
   <text>HELOC</text>
   <desc>This will be our description </desc>
   <specfile>HUDIA</specfile>
   <text>HUDIA</text>
   <desc>This will be our description</desc>
   <specfile>FICS.HISTORY</specfile>
   <text>Mortgage Transaction History (From Notes)</text>
   <desc>This will be our description </desc>
   <specfile>FICS.PAYMENT.STATUS</specfile>
   <text>Mortgage Remittance Manager Inquiry</text>
   <desc>This will be our description </desc>
   <specfile>GFE</specfile>
   <text>Good Faith Estimate</text>
   <desc>This will be our description</desc>
   
 </tab>
  
</menuSettings>
