<launch4jConfig>
  <dontWrapJar>false</dontWrapJar>
  <headerType>gui</headerType>
  <jar>C:\workspace\RepDev-hg\com\repdev\launcher\launcher.jar</jar>
  <outfile>C:\workspace\RepDev-hg\repdev.exe</outfile>
  <errTitle></errTitle>
  <cmdLine>--log</cmdLine>
  <chdir></chdir>
  <priority>normal</priority>
  <downloadUrl>http://java.com/download</downloadUrl>
  <supportUrl></supportUrl>
  <customProcName>true</customProcName>
  <stayAlive>false</stayAlive>
  <manifest></manifest>
  <icon>C:\workspace\RepDev-hg\repdev-icons\monkeyIcon32.ico</icon>
  <jre>
    <path></path>
    <minVersion>1.5.0</minVersion>
    <maxVersion></maxVersion>
    <jdkPreference>preferJdk</jdkPreference>
    <initialHeapSize>128</initialHeapSize>
    <maxHeapSize>384</maxHeapSize>
    <opt>-Djava.library.path=swt-win</opt>
  </jre>
  <versionInfo>
    <fileVersion>0.1.6.3</fileVersion>
    <txtFileVersion>1.6.3</txtFileVersion>
    <fileDescription>RepDev Launcher</fileDescription>
    <copyright>(c) 2008-2009 RepDev LLC</copyright>
    <productVersion>1.6.3.0</productVersion>
    <txtProductVersion>1.6.3</txtProductVersion>
    <productName>RepDev</productName>
    <companyName>RepDev LLC</companyName>
    <internalName>RepDev</internalName>
    <originalFilename>repdev.exe</originalFilename>
  </versionInfo>
</launch4jConfig>